App;Rating;Genres
Hush - Beauty for Everyone;4.7;Beauty
Natural recipes for your beauty;4.7;Beauty
Mirror - Zoom & Exposure -;3.9;Beauty
Beauty Selfie Camera;4.2;Beauty
Hairstyles step by step;4.6;Beauty
Filters for Selfie;4.3;Beauty
Tie - Always be happy;4.7;Beauty
Ulta Beauty;4.7;Beauty
Prom MakeUp Tutorial;4.8;Beauty
Selfie Camera;4.2;Beauty
Sweet Selfie Beauty Camera;4.3;Beauty
Colors of white in Urdu;4.5;Beauty
Selfie Camera Photo Editor & Filter & Sticker;4.1;Beauty
Photo Editor 2018;4.5;Beauty
Step By Step Eyes Makeup Tutorial;4.4;Beauty
Beauty Camera - Selfie Camera;4.0;Beauty
Girls Hairstyles;4.1;Beauty
Mirror Camera (Mirror + Selfie Camera);4.1;Beauty
Beauty Tips - Beauty Tips in Sinhala;4.4;Beauty
Haircut Tutorials/Haircut Videos;4.6;Beauty
Filters for B Live;4.4;Beauty
Facial Wrinkle Reduction;4.6;Beauty
Makeup Videos;3.8;Beauty
Discover Color;4.0;Beauty
Eyeliner step by step 2018;4.3;Beauty
Step By Step Hairstyles For Women;4.1;Beauty
Rainbow Camera;3.7;Beauty
Methods of teeth whitening;4.7;Beauty
Girls hairstyles 2018;4.2;Beauty
AI Face Beauty Analysis - IntelliFace (Free);3.1;Beauty
BH Cosmetics;4.0;Beauty
BN Whitening Shoppe Ph;4.0;Beauty
Skin Disease;4.0;Beauty
Female Daily;3.9;Beauty